{"cameraMode":{"drawMode":0,"name":"Shaded","section":"Shading Mode"},"sceneLighting":true,"audioPlay":false,"sceneViewState":{"m_AlwaysRefresh":false,"showFog":true,"showSkybox":true,"showFlares":true,"showImageEffects":true,"showParticleSystems":true,"showVisualEffectGraphs":true,"m_FxEnabled":true},"in2DMode":false,"pivot":{"x":2.2477574348449709,"y":-220.96458435058595,"z":639.3902587890625},"rotation":{"x":0.17549502849578858,"y":-0.0026517666410654785,"z":0.0003825422318186611,"w":0.9845340847969055},"size":336.3227844238281,"orthographic":false}